date,Actual,OLS_Pred,ARIMAX_Pred,regime
2018-10-01,1059572.8350300344,-892838.8119991624,1101410.7318080647,2015-2019
2018-11-01,993472.0095496797,-674046.9484601448,1031673.5416485931,2015-2019
2018-12-01,1052250.1554202859,-492760.9161363144,1102211.6098293224,2015-2019
2019-01-01,671330.0007900083,-266163.25584214315,1067855.4783832247,2015-2019
2019-02-01,608673.6376579622,-112579.68926136712,977959.0013723184,2015-2019
2019-03-01,728767.3615520295,-95953.70215865379,1158688.3596682814,2015-2019
2019-04-01,1539055.4886543194,-189793.27054587204,1162963.138067914,2015-2019
2019-05-01,1624166.9994535898,-412308.9301013008,1223685.204652681,2015-2019
2019-06-01,1664476.5118920906,-707919.4114411403,1264839.9025841167,2015-2019
2019-07-01,1587527.7418260558,-1023435.5728337384,1322320.2411988678,2015-2019
2019-08-01,1562101.611183276,-1194930.0721396883,1292422.6121976024,2015-2019
2019-09-01,1395705.646990668,-1122098.3513534802,1152840.0601924893,2015-2019
2018-11-01,993472.0095496797,267892.510885245,928609.5371876716,2015-2019
2018-12-01,1052250.1554202859,512680.0885154827,992612.4628940137,2015-2019
2019-01-01,671330.0007900083,707541.7010939757,962168.4634900911,2015-2019
2019-02-01,608673.6376579622,779373.5930147431,881623.548856446,2015-2019
2019-03-01,728767.3615520295,961712.3128297207,1045088.5104780383,2015-2019
2019-04-01,1539055.4886543194,873006.296816155,1049485.09278674,2015-2019
2019-05-01,1624166.9994535898,707267.3688475225,1104851.5504531083,2015-2019
2019-06-01,1664476.5118920906,450274.6514477943,1142598.564247727,2015-2019
2019-07-01,1587527.7418260558,187821.10421690604,1195139.6570881712,2015-2019
2019-08-01,1562101.611183276,-11178.480006466158,1168719.9429929876,2015-2019
2019-09-01,1395705.646990668,-66571.01965482342,1043034.9524690385,2015-2019
2019-10-01,1160395.1928038835,7001.245772046164,1078019.629326711,2015-2019
2018-12-01,1052250.1554202859,961486.7037353002,991185.7947634584,2015-2019
2019-01-01,671330.0007900083,1142391.6053738617,960785.5520795975,2015-2019
2019-02-01,608673.6376579622,1180591.988663451,880356.4035959966,2015-2019
2019-03-01,728767.3615520295,1443147.7815757913,1043586.4192585327,2015-2019
2019-04-01,1539055.4886543194,1363230.7721832024,1047976.6823751722,2015-2019
2019-05-01,1624166.9994535898,1229453.2671904308,1103263.5625713354,2015-2019
2019-06-01,1664476.5118920906,993784.7761331375,1140956.323099077,2015-2019
2019-07-01,1587527.7418260558,755956.9242657712,1193421.8993607862,2015-2019
2019-08-01,1562101.611183276,540133.7853379654,1167040.1579524258,2015-2019
2019-09-01,1395705.646990668,419110.4951773345,1041535.8127598778,2015-2019
2019-10-01,1160395.1928038835,501479.92029530706,1076470.2066209863,2015-2019
2019-11-01,1094725.827493716,640530.2678382342,1010768.01145048,2015-2019
2019-01-01,671330.0007900083,771015.6781600418,959404.6281341037,2015-2019
2019-02-01,608673.6376579622,840795.955576261,879091.0795472916,2015-2019
2019-03-01,728767.3615520295,1041570.8355943332,1042086.48689052,2015-2019
2019-04-01,1539055.4886543194,961500.8891733413,1046470.4398529204,2015-2019
2019-05-01,1624166.9994535898,808035.5257757591,1101677.8569652385,2015-2019
2019-06-01,1664476.5118920906,558989.4531124359,1139316.442185438,2015-2019
2019-07-01,1587527.7418260558,301382.8295489746,1191706.6103735375,2015-2019
2019-08-01,1562101.611183276,94924.54819043036,1165362.7870808328,2015-2019
2019-09-01,1395705.646990668,20530.79838696462,1040038.8276230282,2015-2019
2019-10-01,1160395.1928038835,87923.05426735274,1074923.0108099792,2015-2019
2019-11-01,1094725.827493716,250807.03746085012,1009315.2484481744,2015-2019
2019-12-01,1171180.9797024005,506024.2223524416,1070569.4642498111,2015-2019
2019-02-01,608673.6376579622,180211.76790551923,579799.7984120105,2020+
2019-03-01,728767.3615520295,258948.6400665222,687302.543688238,2020+
2019-04-01,1539055.4886543194,176609.56081367008,690193.9564054282,2020+
2019-05-01,1624166.9994535898,-16894.256341775377,726605.711783739,2020+
2019-06-01,1664476.5118920906,-292814.58005842305,751430.0384682885,2020+
2019-07-01,1587527.7418260558,-588729.8338814118,785983.6924373761,2020+
2019-08-01,1562101.611183276,-775422.6235816071,768608.7653197296,2020+
2019-09-01,1395705.646990668,-756859.1289608958,685952.02110169,2020+
2019-10-01,1160395.1928038835,-716797.3606747263,708959.6966744536,2020+
2019-11-01,1094725.827493716,-506244.0181566402,665688.4495276135,2020+
2019-12-01,1171180.9797024005,-298405.6529569438,706088.3384406959,2020+
2020-01-01,-1912013.956690071,-62714.946070107806,683017.6224388089,2020+
2019-03-01,728767.3615520295,-53972.32598682806,686314.6933485132,2020+
2019-04-01,1539055.4886543194,-137404.28760113387,689201.9504879967,2020+
2019-05-01,1624166.9994535898,-347471.17372224363,725561.371806495,2020+
2019-06-01,1664476.5118920906,-634905.1708342623,750350.0189555992,2020+
2019-07-01,1587527.7418260558,-946932.8227691153,784854.0095219092,2020+
2019-08-01,1562101.611183276,-1126110.308063026,767504.0551145335,2020+
2019-09-01,1395705.646990668,-1070106.727283238,684966.1120295982,2020+
2019-10-01,1160395.1928038835,-1040651.353893901,707940.7189522156,2020+
2019-11-01,1094725.827493716,-810212.3519589392,664731.6649841173,2020+
2019-12-01,1171180.9797024005,-620485.7275272667,705073.4876883604,2020+
2020-01-01,-1912013.956690071,-373814.4467537668,682035.930919536,2020+
2020-02-01,-1753814.2115825776,-195551.11579409242,619270.4338700674,2020+
2019-04-01,1539055.4886543194,913467.8211228311,688211.369436152,2020+
2019-05-01,1624166.9994535898,758501.7181057121,724518.5318982935,2020+
2019-06-01,1664476.5118920906,509606.99503215915,749271.5503956398,2020+
2019-07-01,1587527.7418260558,251825.60802789073,783725.9487759398,2020+
2019-08-01,1562101.611183276,48003.593944270295,766400.9312309786,2020+
2019-09-01,1395705.646990668,-20902.15386389335,683981.6192428004,2020+
2019-10-01,1160395.1928038835,44356.5896342656,706923.2051420348,2020+
2019-11-01,1094725.827493716,208153.88830906298,663776.2549135677,2020+
2019-12-01,1171180.9797024005,458202.4844974403,704060.0948953113,2020+
2020-01-01,-1912013.956690071,667475.5846812836,681055.6496548449,2020+
2020-02-01,-1753814.2115825776,747736.5805709286,618380.3649693961,2020+
2020-03-01,-1558712.8317273518,943740.1857118678,741454.9474576227,2020+
2019-05-01,1624166.9994535898,1460682.3543154895,1578269.0935610668,2020+
2019-06-01,1664476.5118920906,1236276.2022936894,1632190.315181813,2020+
2019-07-01,1587527.7418260558,1012262.7410067393,1707244.72675382,2020+
2019-08-01,1562101.611183276,791686.8927276477,1669504.4364835157,2020+
2019-09-01,1395705.646990668,642556.227399758,1489964.718144836,2020+
2019-10-01,1160395.1928038835,729542.2565577633,1539939.9697849576,2020+
2019-11-01,1094725.827493716,850878.3355514787,1445949.9681505207,2020+
2019-12-01,1171180.9797024005,1139250.646499694,1533703.0576799947,2020+
2020-01-01,-1912013.956690071,1325757.653636295,1483590.8751503965,2020+
2020-02-01,-1753814.2115825776,1345205.8098062866,1347060.9443695587,2020+
2020-03-01,-1558712.8317273518,1660166.4380701599,1615162.8649719574,2020+
2020-04-01,-3219656.4738150435,1521479.3672698096,1565849.9090521922,2020+
2019-06-01,1664476.5118920906,1356296.1622569377,1629844.3906477352,2020+
2019-07-01,1587527.7418260558,1147359.37742432,1704790.9275250756,2020+
2019-08-01,1562101.611183276,932456.4049335975,1667104.8808647457,2020+
2019-09-01,1395705.646990668,773079.9462655155,1487823.21258004,2020+
2019-10-01,1160395.1928038835,865058.6175056243,1537726.6354554344,2020+
2019-11-01,1094725.827493716,974228.0711841279,1443871.7243818191,2020+
2019-12-01,1171180.9797024005,1262161.6725619277,1531498.687580767,2020+
2020-01-01,-1912013.956690071,1435221.2145022922,1481458.5306406135,2020+
2020-02-01,-1753814.2115825776,1436586.6705272745,1345124.8324517827,2020+
2020-03-01,-1558712.8317273518,1763205.096583705,1612841.4138118043,2020+
2020-04-01,-3219656.4738150435,1619558.7809923666,1563599.3346830844,2020+
2020-05-01,-3664191.974930728,1502276.5863579307,1652443.181623612,2020+
2019-07-01,1587527.7418260558,1470384.686317409,1701835.2768652935,2020+
2019-08-01,1562101.611183276,1250457.6320308738,1663720.5079550184,2020+
2019-09-01,1395705.646990668,1051400.4151625244,1484362.0001702055,2020+
2019-10-01,1160395.1928038835,1140615.5464141315,1533693.8828145994,2020+
2019-11-01,1094725.827493716,1218301.8786433204,1439657.5884089177,2020+
2019-12-01,1171180.9797024005,1505849.7484288379,1526575.4673272339,2020+
2020-01-01,-1912013.956690071,1660264.5691079982,1476257.7809305775,2020+
2020-02-01,-1753814.2115825776,1637261.6364823452,1340004.7615259627,2020+
2020-03-01,-1558712.8317273518,2007637.4395069908,1606225.3231528706,2020+
2020-04-01,-3219656.4738150435,1867002.5007558176,1556722.9560745098,2020+
2020-05-01,-3664191.974930728,1778842.986833689,1644687.678869821,2020+
2020-06-01,-4228874.55125423,1562868.7202354122,1687431.4265071217,2020+
2019-08-01,1562101.611183276,600630.8668322181,1518385.2736029872,2020+
2019-09-01,1395705.646990668,469998.568509629,1354694.728293316,2020+
2019-10-01,1160395.1928038835,536386.3131558329,1399717.1966596132,2020+
2019-11-01,1094725.827493716,646991.5894067896,1313895.4953655822,2020+
2019-12-01,1171180.9797024005,895941.3892194729,1393220.6143443924,2020+
2020-01-01,-1912013.956690071,1067804.512145563,1347298.4576053792,2020+
2020-02-01,-1753814.2115825776,1098902.891142034,1222947.8966897854,2020+
2020-03-01,-1558712.8317273518,1363993.26915053,1465912.6124847762,2020+
2020-04-01,-3219656.4738150435,1246662.3049371836,1420734.5525619343,2020+
2020-05-01,-3664191.974930728,1128071.0288024752,1501015.067930806,2020+
2020-06-01,-4228874.55125423,899624.7093405981,1540024.9117240862,2020+
2020-07-01,-3873287.605651903,672666.8578341115,1609421.4504872202,2020+
2019-09-01,1395705.646990668,512486.2567751927,1353149.358246823,2020+
2019-10-01,1160395.1928038835,578873.7432329195,1398120.4674338528,2020+
2019-11-01,1094725.827493716,685079.489204206,1312396.6671074133,2020+
2019-12-01,1171180.9797024005,934415.6730473381,1391631.2960755664,2020+
2020-01-01,-1912013.956690071,1103623.9701736032,1345761.5249535963,2020+
2020-02-01,-1753814.2115825776,1130895.2834923833,1221552.8176541135,2020+
2020-03-01,-1558712.8317273518,1402744.2602960432,1464240.3707731143,2020+
2020-04-01,-3219656.4738150435,1285476.6817082013,1419113.8470106476,2020+
2020-05-01,-3664191.974930728,1170942.9169440363,1499302.782044517,2020+
2020-06-01,-4228874.55125423,945534.902414462,1538268.12493804,2020+
2020-07-01,-3873287.605651903,722103.1024793917,1607585.4992820064,2020+
2020-08-01,-4227825.573815773,517225.0267219217,1583644.6661760453,2020+
2019-10-01,1160395.1928038835,806.1107412320674,1396525.5577938857,2020+
2019-11-01,1094725.827493716,142293.3638813187,1310899.5472432843,2020+
2019-12-01,1171180.9797024005,358622.15945665765,1390043.7889933381,2020+
2020-01-01,-1912013.956690071,546581.4098378402,1344226.344035763,2020+
2020-02-01,-1753814.2115825776,625118.8036457892,1220159.3277757366,2020+
2020-03-01,-1558712.8317273518,796431.3287205738,1462570.0346370987,2020+
2020-04-01,-3219656.4738150435,697934.794047281,1417494.9895635003,2020+
2020-05-01,-3664191.974930728,550415.1215341085,1497592.4490308159,2020+
2020-06-01,-4228874.55125423,309172.2051248503,1536513.3422815579,2020+
2020-07-01,-3873287.605651903,57367.94707681029,1605751.6427654773,2020+
2020-08-01,-4227825.573815773,-137389.61169422162,1581838.12012764,2020+
2020-09-01,-3652459.8205323233,-192349.84872660457,1414953.9234021055,2020+
2019-11-01,1094725.827493716,612592.0029763293,1053240.424241334,2020+
2019-12-01,1171180.9797024005,859190.6327165794,1116828.7555087244,2020+
2020-01-01,-1912013.956690071,1031668.6544035875,1080016.7928900733,2020+
2020-02-01,-1753814.2115825776,1065352.2131869644,980335.3205473967,2020+
2020-03-01,-1558712.8317273518,1322805.1927946527,1175099.8670927533,2020+
2020-04-01,-3219656.4738150435,1205921.8599141915,1138884.3846420734,2020+
2020-05-01,-3664191.974930728,1084454.7112188404,1203238.5775012933,2020+
2020-06-01,-4228874.55125423,854679.0991511103,1234509.515266091,2020+
2020-07-01,-3873287.605651903,625886.9402553703,1290138.9318471288,2020+
2020-08-01,-4227825.573815773,422421.12073868676,1270925.645206841,2020+
2020-09-01,-3652459.8205323233,309367.6811051409,1136842.7685504956,2020+
2020-10-01,-2145263.257984922,373732.4715183189,1176398.286005785,2020+
2019-12-01,1171180.9797024005,652561.1142516901,1115554.731281561,2020+
2020-01-01,-1912013.956690071,831941.1478025905,1078784.762363268,2020+
2020-02-01,-1753814.2115825776,884252.5652522191,979217.0023818762,2020+
2020-03-01,-1558712.8317273518,1106026.4930921544,1173759.371028005,2020+
2020-04-01,-3219656.4738150435,996100.3937737145,1137585.2009366928,2020+
2020-05-01,-3664191.974930728,862972.4146216561,1201865.9812034662,2020+
2020-06-01,-4228874.55125423,627485.6053345163,1233101.2458969515,2020+
2020-07-01,-3873287.605651903,388324.4375764697,1288667.202468737,2020+
2020-08-01,-4227825.573815773,188123.4400268726,1269475.8330894087,2020+
2020-09-01,-3652459.8205323233,99478.40548044849,1135545.9120051889,2020+
2020-10-01,-2145263.257984922,156234.61574690123,1175056.3066377572,2020+
2020-11-01,-2336072.1498916107,298817.0192881247,1109823.269635773,2020+
2020-01-01,-1912013.956690071,853089.9853515942,1077554.1352649322,2020+
2020-02-01,-1753814.2115825776,904241.9847131646,978099.9571227769,2020+
2020-03-01,-1558712.8317273518,1132342.5331587645,1172420.4007566252,2020+
2020-04-01,-3219656.4738150435,1024630.558328468,1136287.4968205646,2020+
2020-05-01,-3664191.974930728,896230.5087868659,1200494.9489211922,2020+
2020-06-01,-4228874.55125423,663857.309323109,1231694.5825361754,2020+
2020-07-01,-3873287.605651903,427056.7723665199,1287197.1526965422,2020+
2020-08-01,-4227825.573815773,225185.8712211186,1268027.6763000183,2020+
2020-09-01,-3652459.8205323233,130293.43925863516,1134250.53604998,2020+
2020-10-01,-2145263.257984922,184936.29367467904,1173715.858907675,2020+
2020-11-01,-2336072.1498916107,322990.79021232156,1108557.2363316517,2020+
2020-12-01,-2496568.5921234675,567005.4961152029,1187332.8203122225,2020+
2020-02-01,-1753814.2115825776,-1349793.215988483,-1660585.1181107734,2020+
2020-03-01,-1558712.8317273518,-1572490.144239195,-1990495.8132626116,2020+
2020-04-01,-3219656.4738150435,-1587175.7189292389,-1929150.5877557285,2020+
2020-05-01,-3664191.974930728,-1843119.991281388,-2038159.8343676254,2020+
2020-06-01,-4228874.55125423,-2122276.0322539425,-2091129.520047679,2020+
2020-07-01,-3873287.605651903,-2462683.487720777,-2185359.9116944927,2020+
2020-08-01,-4227825.573815773,-2609956.149096279,-2152814.6212026067,2020+
2020-09-01,-3652459.8205323233,-2407826.775223382,-1925692.3044621695,2020+
2020-10-01,-2145263.257984922,-2456627.4347267873,-1992695.1984786098,2020+
2020-11-01,-2336072.1498916107,-2195293.2966931863,-1882071.0867583954,2020+
2020-12-01,-2496568.5921234675,-2158969.2164624343,-2015813.6162927877,2020+
2021-01-01,-1367743.3394532257,-1888354.914680382,-1938382.677922683,2020+
2020-03-01,-1558712.8317273518,-929535.2885928429,-1988225.1501966387,2020+
2020-04-01,-3219656.4738150435,-941101.4725084535,-1926949.9043493727,2020+
2020-05-01,-3664191.974930728,-1148034.475519693,-2035834.7982328348,2020+
2020-06-01,-4228874.55125423,-1411154.6870873065,-2088744.0585883055,2020+
2020-07-01,-3873287.605651903,-1735958.1183420368,-2182866.956616116,2020+
2020-08-01,-4227825.573815773,-1919387.3619203803,-2150358.7922938447,2020+
2020-09-01,-3652459.8205323233,-1814313.5192935998,-1923495.5660395166,2020+
2020-10-01,-2145263.257984922,-1861806.0701757362,-1990422.0264180382,2020+
2020-11-01,-2336072.1498916107,-1640933.6686273827,-1879924.109401775,2020+
2020-12-01,-2496568.5921234675,-1558862.546398747,-2013514.0718122546,2020+
2021-01-01,-1367743.3394532257,-1292488.009631707,-1936171.4629314009,2020+
2021-02-01,-1210609.830166089,-1036998.0142606361,-1778001.1886951008,2020+
2020-04-01,-3219656.4738150435,-1175927.23674637,-1921491.209588634,2020+
2020-05-01,-3664191.974930728,-1403231.7520764123,-2026628.7245767799,2020+
2020-06-01,-4228874.55125423,-1676881.0722145764,-2075776.4033929165,2020+
2020-07-01,-3873287.605651903,-2012134.1088891132,-2165640.141040646,2020+
2020-08-01,-4227825.573815773,-2184094.8936326797,-2129774.572367752,2020+
2020-09-01,-3652459.8205323233,-2040544.115880256,-1901855.7802689555,2020+
2020-10-01,-2145263.257984922,-2083397.712282362,-1964695.4666469344,2020+
2020-11-01,-2336072.1498916107,-1839689.4446976697,-1852482.3309011948,2020+
2020-12-01,-2496568.5921234675,-1764352.8571564113,-1980761.1466477013,2020+
2021-01-01,-1367743.3394532257,-1487974.887387571,-1901450.1189773907,2020+
2021-02-01,-1210609.830166089,-1218897.4599362197,-1743158.3951129778,2020+
2021-03-01,-1665580.8303806852,-1029545.3868510235,-1548384.3223730072,2020+
2020-05-01,-3664191.974930728,-16675745.071837666,-16391084.808423985,2020+
2020-06-01,-4228874.55125423,-17277363.924790096,-16769968.489082834,2020+
2020-07-01,-3873287.605651903,-18259781.499469217,-17476567.589463975,2020+
2020-08-01,-4227825.573815773,-18152264.03129858,-17168077.232457247,2020+
2020-09-01,-3652459.8205323233,-16303443.518872775,-15313828.323722739,2020+
2020-10-01,-2145263.257984922,-16828342.466145437,-15802274.762506818,2020+
2020-11-01,-2336072.1498916107,-15751731.620585896,-14883210.097837066,2020+
2020-12-01,-2496568.5921234675,-16640773.4297556,-15896181.73319866,2020+
2021-01-01,-1367743.3394532257,-15755786.56966322,-15242767.315177387,2020+
2021-02-01,-1210609.830166089,-14272681.280186037,-13958344.33086287,2020+
2021-03-01,-1665580.8303806852,-12590513.011715502,-12384942.475816455,2020+
2021-04-01,299435.2277486612,-3211770.634961679,-3156023.7342242827,2020+
2020-06-01,-4228874.55125423,-14381841.463385342,-16797888.24288358,2020+
2020-07-01,-3873287.605651903,-15255107.795226734,-17505663.733685978,2020+
2020-08-01,-4227825.573815773,-15180163.033589013,-17196659.782353472,2020+
2020-09-01,-3652459.8205323233,-13611850.764797034,-15339323.791842313,2020+
2020-10-01,-2145263.257984922,-13999817.719354706,-15828583.426267285,2020+
2020-11-01,-2336072.1498916107,-13046057.217827149,-14907988.645103335,2020+
2020-12-01,-2496568.5921234675,-13727742.213021444,-15922646.741511812,2020+
2021-01-01,-1367743.3394532257,-12968991.585660134,-15268144.475527119,2020+
2021-02-01,-1210609.830166089,-11753565.009996226,-13981583.091702513,2020+
2021-03-01,-1665580.8303806852,-10402489.855326032,-12405561.726918658,2020+
2021-04-01,299435.2277486612,-2668069.8468232574,-3161278.082523274,2020+
2021-05-01,333273.2102055384,-3074111.2566132033,-3591773.512262567,2020+
2020-07-01,-3873287.605651903,-13719749.312698543,-17534808.251631074,2020+
2020-08-01,-4227825.573815773,-13697666.26873593,-17225289.850245304,2020+
2020-09-01,-3652459.8205323233,-12284872.289474836,-15364861.653227482,2020+
2020-10-01,-2145263.257984922,-12600711.530092103,-15854935.837312732,2020+
2020-11-01,-2336072.1498916107,-11686181.558838096,-14932808.392865151,2020+
2020-12-01,-2496568.5921234675,-12229473.39652427,-15949155.75488032,2020+
2021-01-01,-1367743.3394532257,-11501392.499706425,-15293563.833659906,2020+
2021-02-01,-1210609.830166089,-10402726.121827042,-14004860.5031693,2020+
2021-03-01,-1665580.8303806852,-9220094.682937574,-12426215.281250855,2020+
2021-04-01,299435.2277486612,-2375889.246608015,-3166541.1769957445,2020+
2021-05-01,333273.2102055384,-2755901.637029084,-3597753.3229418816,2020+
2021-06-01,367309.5620458005,-3255474.150261381,-4145295.7980853766,2020+
2020-08-01,-4227825.573815773,-9618325.656875854,-9486940.164082078,2020+
2020-09-01,-3652459.8205323233,-8669336.056074938,-8462297.26149971,2020+
2020-10-01,-2145263.257984922,-8960175.118467793,-8732208.798711529,2020+
2020-11-01,-2336072.1498916107,-8380154.213193681,-8224341.124622068,2020+
2020-12-01,-2496568.5921234675,-8832558.645234203,-8784101.02975819,2020+
2021-01-01,-1367743.3394532257,-8339075.839025751,-8423029.52431955,2020+
2021-02-01,-1210609.830166089,-7537852.070214682,-7713267.802212311,2020+
2021-03-01,-1665580.8303806852,-6646918.896845497,-6843818.701901938,2020+
2021-04-01,299435.2277486612,-1698959.2646167965,-1743993.1011367284,2020+
2021-05-01,333273.2102055384,-1953601.1541894735,-1981485.9886868044,2020+
2021-06-01,367309.5620458005,-2292054.517376198,-2283048.559928238,2020+
2021-07-01,929658.1655470183,-3887922.5772060743,-3796736.6121849865,2020+
2020-09-01,-3652459.8205323233,-7527835.384205736,-8493605.616211994,2020+
2020-10-01,-2145263.257984922,-7813507.238368349,-8782320.88194745,2020+
2020-11-01,-2336072.1498916107,-7340786.389784145,-8288342.316705573,2020+
2020-12-01,-2496568.5921234675,-7769733.899270819,-8870442.010047222,2020+
2021-01-01,-1367743.3394532257,-7360428.848706693,-8523101.036020475,2020+
2021-02-01,-1210609.830166089,-6667759.076051571,-7820762.523084564,2020+
2021-03-01,-1665580.8303806852,-5885230.89903062,-6953293.471083512,2020+
2021-04-01,299435.2277486612,-1504344.3285480887,-1775489.878498826,2020+
2021-05-01,333273.2102055384,-1729433.2576577892,-2021370.0135441073,2020+
2021-06-01,367309.5620458005,-2029459.1224316335,-2333733.9107038975,2020+
2021-07-01,929658.1655470183,-3446457.3892188673,-3888911.2576756915,2020+
2021-08-01,915759.6768234369,-3828252.658527761,-4246433.070926826,2020+
2020-10-01,-2145263.257984922,-7596110.930599222,-8779107.479099093,2020+
2020-11-01,-2336072.1498916107,-7147131.2256801445,-8285309.65782004,2020+
2020-12-01,-2496568.5921234675,-7575371.867545641,-8867196.36422033,2020+
2021-01-01,-1367743.3394532257,-7182487.080227759,-8519982.479856884,2020+
2021-02-01,-1210609.830166089,-6506371.29944121,-7817900.948868311,2020+
2021-03-01,-1665580.8303806852,-5736808.700499644,-6950749.298404547,2020+
2021-04-01,299435.2277486612,-1463664.850493445,-1774840.2359978445,2020+
2021-05-01,333273.2102055384,-1678880.0061047089,-2020630.4045913983,2020+
2021-06-01,367309.5620458005,-1966047.8917412425,-2332880.009466673,2020+
2021-07-01,929658.1655470183,-3334014.1647503255,-3887488.325384637,2020+
2021-08-01,915759.6768234369,-3701436.3589638537,-4244879.323292983,2020+
2021-09-01,843297.157629545,-3237259.9523968003,-3668535.0191237335,2020+
2020-11-01,-2336072.1498916107,-5246473.786831656,-4253961.611985072,2020+
2020-12-01,-2496568.5921234675,-5582292.917524126,-4552722.167077387,2020+
2021-01-01,-1367743.3394532257,-5309630.182619666,-4374450.672203532,2020+
2021-02-01,-1210609.830166089,-4818421.053024869,-4013977.9795330693,2020+
2021-03-01,-1665580.8303806852,-4248530.551802249,-3568752.636380781,2020+
2021-04-01,299435.2277486612,-1082145.6873204664,-911263.7353228796,2020+
2021-05-01,333273.2102055384,-1237894.313651427,-1037460.8220579479,2020+
2021-06-01,367309.5620458005,-1445543.3394321823,-1197780.4584688575,2020+
2021-07-01,929658.1655470183,-2446456.2124061882,-1995969.5870392905,2020+
2021-08-01,915759.6768234369,-2714644.1629912253,-2179466.360005448,2020+
2021-09-01,843297.157629545,-2376983.6748107546,-1883551.4641454862,2020+
2021-10-01,-737138.555537626,-2739518.419276807,-2154704.986371888,2020+
2020-12-01,-2496568.5921234675,-5064955.986844055,-4560321.814740332,2020+
2021-01-01,-1367743.3394532257,-4834737.55697397,-4390673.55270443,2020+
2021-02-01,-1210609.830166089,-4401550.470616054,-4037066.3945536893,2020+
2021-03-01,-1665580.8303806852,-3891017.728741032,-3596587.5325317467,2020+
2021-04-01,299435.2277486612,-992931.9619957313,-920240.9570121781,2020+
2021-05-01,333273.2102055384,-1137258.9738302447,-1049814.2369587203,2020+
2021-06-01,367309.5620458005,-1329259.585161416,-1214510.4524263423,2020+
2021-07-01,929658.1655470183,-2251880.3320569093,-2027968.6346232858,2020+
2021-08-01,915759.6768234369,-2502217.5137256444,-2218915.5068915025,2020+
2021-09-01,843297.157629545,-2195382.6208661646,-1921548.5742045739,2020+
2021-10-01,-737138.555537626,-2536986.985109846,-2202647.3664211254,2020+
2021-11-01,-728263.9529342381,-2774339.3625665964,-2404323.203218835,2020+
2021-01-01,-1367743.3394532257,-3936640.520710291,-4380149.508945628,2020+
2021-02-01,-1210609.830166089,-3577810.8705237047,-4027389.9109681454,2020+
2021-03-01,-1665580.8303806852,-3155509.82793814,-3587966.8320088955,2020+
2021-04-01,299435.2277486612,-803499.2023296049,-918035.2169273634,2020+
2021-05-01,333273.2102055384,-919121.9800125108,-1047297.91902371,2020+
2021-06-01,367309.5620458005,-1074403.0630271826,-1211599.3729360988,2020+
2021-07-01,929658.1655470183,-1822913.9216601078,-2023107.766590495,2020+
2021-08-01,915759.6768234369,-2030838.0391017103,-2213596.9564678073,2020+
2021-09-01,843297.157629545,-1787267.4947883945,-1916942.7862627367,2020+
2021-10-01,-737138.555537626,-2071240.9914969157,-2197367.809260038,2020+
2021-11-01,-728263.9529342381,-2269617.73328473,-2398560.2471497944,2020+
2021-12-01,-761840.4915281357,-2423318.3905531215,-2569508.736569383,2020+
2021-02-01,-1210609.830166089,-3372590.270189548,-2287127.09057585,2020+
2021-03-01,-1665580.8303806852,-2948999.5559326056,-2037581.7395137986,2020+
2021-04-01,299435.2277486612,-744914.3989867425,-521345.8988888756,2020+
2021-05-01,333273.2102055384,-847597.1714682861,-594753.3003025139,2020+
2021-06-01,367309.5620458005,-989552.2959453439,-688058.968330523,2020+
2021-07-01,929658.1655470183,-1683723.2427610112,-1148909.0157090242,2020+
2021-08-01,915759.6768234369,-1886582.1299756442,-1257086.5193139417,2020+
2021-09-01,843297.157629545,-1671586.4660931714,-1088618.6519620325,2020+
2021-10-01,-737138.555537626,-1948482.3870095247,-1247870.0979821174,2020+
2021-11-01,-728263.9529342381,-2142096.6880444633,-1362125.9026826965,2020+
2021-12-01,-761840.4915281357,-2286602.806104757,-1459206.3766444626,2020+
2022-01-01,-1692738.9750950257,-2177943.9315564255,-1407703.546077793,2020+
2021-03-01,-1665580.8303806852,-3357113.5237689046,-2032697.8270226223,2020+
2021-04-01,299435.2277486612,-846011.0209095199,-520096.27780485316,2020+
2021-05-01,333273.2102055384,-961304.8403926084,-593327.728042479,2020+
2021-06-01,367309.5620458005,-1122022.983485975,-686409.7502418392,2020+
2021-07-01,929658.1655470183,-1910378.5373109353,-1146155.1789045585,2020+
2021-08-01,915759.6768234369,-2142848.0437970604,-1254073.3900651033,2020+
2021-09-01,843297.157629545,-1900407.4451864182,-1086009.3260837942,2020+
2021-10-01,-737138.555537626,-2215882.039931162,-1244879.0597353366,2020+
2021-11-01,-728263.9529342381,-2434582.2510664137,-1358861.0027933451,2020+
2021-12-01,-761840.4915281357,-2594635.562275595,-1455708.7828189784,2020+
2022-01-01,-1692738.9750950257,-2465196.831889717,-1404329.400276207,2020+
2022-02-01,-1572323.7289399637,-2141430.75191229,-1245979.1987766302,2020+
2021-04-01,299435.2277486612,-319122.28377833636,-518849.65134359105,2020+
2021-05-01,333273.2102055384,-360483.5550801574,-591905.5720251123,2020+
2021-06-01,367309.5620458005,-427096.6837471126,-684764.4846195921,2020+
2021-07-01,929658.1655470183,-749955.5182471264,-1143407.9430276114,2020+
2021-08-01,915759.6768234369,-872800.6430393185,-1251067.483551261,2020+
2021-09-01,843297.157629545,-800069.8538672352,-1083406.2546413548,2020+
2021-10-01,-737138.555537626,-953961.1547282606,-1241895.191233913,2020+
2021-11-01,-728263.9529342381,-1056576.600399435,-1355603.9294158814,2020+
2021-12-01,-761840.4915281357,-1118139.2883594907,-1452219.5737203602,2020+
2022-01-01,-1692738.9750950257,-1040914.9504459823,-1400963.3431131926,2020+
2022-02-01,-1572323.7289399637,-878148.0410012219,-1242992.6933212583,2020+
2022-03-01,-1867581.2959650105,-1150045.073740279,-1714242.7043201122,2020+
2021-05-01,333273.2102055384,-106546.73960736653,103631.00618868959,2020+
2021-06-01,367309.5620458005,-127966.74771093,119888.77246308168,2020+
2021-07-01,929658.1655470183,-244860.67907640312,200188.20703144383,2020+
2021-08-01,915759.6768234369,-319443.9346206948,219037.27169716608,2020+
2021-09-01,843297.157629545,-325262.9204570151,189683.09339719504,2020+
2021-10-01,-737138.555537626,-419262.55271123437,217431.38402925656,2020+
2021-11-01,-728263.9529342381,-485674.2496805628,237339.54403578333,2020+
2021-12-01,-761840.4915281357,-519198.6593313686,254255.03996257563,2020+
2022-01-01,-1692738.9750950257,-471239.06395144854,245281.08372801694,2020+
2022-02-01,-1572323.7289399637,-374514.4919014488,217623.53504226365,2020+
2022-03-01,-1867581.2959650105,-450049.0772302747,300130.12818374805,2020+
2022-04-01,711891.1905645793,-407106.30266171764,308183.5751846126,2020+
2021-06-01,367309.5620458005,123651.92865226393,119601.41064847741,2020+
2021-07-01,929658.1655470183,172729.75044162132,199708.37449765156,2020+
2021-08-01,915759.6768234369,141806.69252016107,218512.2595047078,2020+
2021-09-01,843297.157629545,83113.5474749764,189228.44062901995,2020+
2021-10-01,-737138.555537626,62300.28014882618,216910.22092105067,2020+
2021-11-01,-728263.9529342381,54221.79741924276,236770.6627397897,2020+
2021-12-01,-761840.4915281357,69883.78553399631,253645.61345002256,2020+
2022-01-01,-1692738.9750950257,100231.23719809645,244693.16717909867,2020+
2022-02-01,-1572323.7289399637,128244.5469581394,217101.91155709978,2020+
2022-03-01,-1867581.2959650105,229228.31468477575,299410.74301542086,2020+
2022-04-01,711891.1905645793,271397.084811809,307444.8848066326,2020+
2022-05-01,748748.0765866169,310804.0761376275,343010.1721642342,2020+
2021-07-01,929658.1655470183,391762.726382934,199382.70062327987,2020+
2021-08-01,915759.6768234369,385067.3718569625,218323.46849021374,2020+
2021-09-01,843297.157629545,300063.4040231777,189210.15489009392,2020+
2021-10-01,-737138.555537626,319921.6271119333,217055.83471503455,2020+
2021-11-01,-728263.9529342381,344490.4495330984,237111.574713803,2020+
2021-12-01,-761840.4915281357,387245.59272090445,254205.90715232826,2020+
2022-01-01,-1692738.9750950257,407767.7078569881,245422.02826351696,2020+
2022-02-01,-1572323.7289399637,397754.72823758726,217915.82102908305,2020+
2022-03-01,-1867581.2959650105,591236.474123234,300764.04145979387,2020+
2022-04-01,711891.1905645793,630624.3485729352,309071.68764131714,2020+
2022-05-01,748748.0765866169,698487.8650041637,345089.9952586678,2020+
2022-06-01,756602.7328488039,731115.4444718444,381539.7850684133,2020+
2021-08-01,915759.6768234369,554233.7892923241,503998.26088597707,2020+
2021-09-01,843297.157629545,449454.60760771483,437223.11360865587,2020+
2021-10-01,-737138.555537626,495765.1686168578,502065.28324476327,2020+
2021-11-01,-728263.9529342381,541716.2352569206,548998.9800436979,2020+
2021-12-01,-761840.4915281357,603177.7149676973,589161.6593593167,2020+
2022-01-01,-1692738.9750950257,618595.9378327902,569367.18745063,2020+
2022-02-01,-1572323.7289399637,584864.0645714578,506054.99082187674,2020+
2022-03-01,-1867581.2959650105,846529.0269606258,699141.2355017288,2020+
2022-04-01,711891.1905645793,887965.5810539846,719164.5701799893,2020+
2022-05-01,748748.0765866169,979647.9031661886,803769.4292152562,2020+
2022-06-01,756602.7328488039,1036450.1688219184,889547.2092963812,2020+
2022-07-01,821861.2914885869,1061115.2415382992,977218.2149751768,2020+
2021-09-01,843297.157629545,189673.06779859218,435409.01533227664,2020+
2021-10-01,-737138.555537626,199512.1072494195,499982.1463623748,2020+
2021-11-01,-728263.9529342381,220294.1831399244,546721.1095098727,2020+
2021-12-01,-761840.4915281357,260510.02273115097,586717.149095429,2020+
2022-01-01,-1692738.9750950257,288606.26195452013,567004.8067171199,2020+
2022-02-01,-1572323.7289399637,291402.2119347003,503955.29996951664,2020+
2022-03-01,-1867581.2959650105,439251.88062460267,696240.40566507,2020+
2022-04-01,711891.1905645793,465957.84347696893,716180.6649025781,2020+
2022-05-01,748748.0765866169,504160.2574862654,800434.4894026302,2020+
2022-06-01,756602.7328488039,506642.66918723594,885856.3688256546,2020+
2022-07-01,821861.2914885869,476925.65782158176,973163.6201783314,2020+
2022-08-01,809845.0223363979,388884.8595357588,962608.7002067362,2020+
2021-10-01,-737138.555537626,-102287.09261623693,497907.6642745491,2020+
2021-11-01,-728263.9529342381,-113165.82844842235,544452.7018718275,2020+
2021-12-01,-761840.4915281357,-100701.673274466,584282.7930024263,2020+
2022-01-01,-1692738.9750950257,-62548.56273165014,564652.2396625874,2020+
2022-02-01,-1572323.7289399637,-21054.124773475938,501864.33292432094,2020+
2022-03-01,-1867581.2959650105,9250.666400595248,693351.624779977,2020+
2022-04-01,711891.1905645793,27073.48517533904,713209.1473992821,2020+
2022-05-01,748748.0765866169,18313.244124914403,797113.3917273086,2020+
2022-06-01,756602.7328488039,-26404.816187677417,882180.8444219546,2020+
2022-07-01,821861.2914885869,-105550.23415906148,969125.84537785,2020+
2022-08-01,809845.0223363979,-187062.94592503633,958614.7187765668,2020+
2022-09-01,746308.6861750152,-237421.0279139389,886439.096056227,2020+
2021-11-01,-728263.9529342381,52162.6993171358,-456471.6903009827,2020+
2021-12-01,-761840.4915281357,84472.22216146147,-489959.5578930684,2020+
2022-01-01,-1692738.9750950257,122836.48119445481,-473589.0350384089,2020+
2022-02-01,-1572323.7289399637,147042.04090198793,-421008.0126491698,2020+
2022-03-01,-1867581.2959650105,241647.32909693164,-581756.1910190204,2020+
2022-04-01,711891.1905645793,261791.8363918791,-598532.6243120177,2020+
2022-05-01,748748.0765866169,272175.7910740933,-669074.4944645995,2020+
2022-06-01,756602.7328488039,243796.05559424317,-740620.005418272,2020+
2022-07-01,821861.2914885869,181249.23548068939,-813769.5551619881,2020+
2022-08-01,809845.0223363979,91263.00198607447,-805098.0992032038,2020+
2022-09-01,746308.6861750152,20670.261038795834,-744624.045708795,2020+
2022-10-01,690623.0176898504,-10669.29519431352,-776638.1982935233,2020+
2021-12-01,-761840.4915281357,68995.09957380424,-487832.9166104525,2020+
2022-01-01,-1692738.9750950257,107188.03426470344,-471533.4488192097,2020+
2022-02-01,-1572323.7289399637,132290.16039058226,-419180.65152580023,2020+
2022-03-01,-1867581.2959650105,220111.9372189669,-579231.1114214968,2020+
2022-04-01,711891.1905645793,238795.91889819916,-595934.727186237,2020+
2022-05-01,748748.0765866169,246186.03368606474,-666170.4142100007,2020+
2022-06-01,756602.7328488039,215542.26636614912,-737405.3856994082,2020+
2022-07-01,821861.2914885869,151552.1083920459,-810237.4335972002,2020+
2022-08-01,809845.0223363979,63652.7547420122,-801603.6155712997,2020+
2022-09-01,746308.6861750152,-3242.5553484874804,-741392.0465599988,2020+
2022-10-01,690623.0176898504,-34364.14187815647,-773267.2433913492,2020+
2022-11-01,667613.0818619691,-25053.22771767263,-767288.0508554785,2020+
2022-01-01,-1692738.9750950257,74554.18535347127,-469065.1154415622,2020+
2022-02-01,-1572323.7289399637,103762.6991067322,-416611.85544210573,2020+
2022-03-01,-1867581.2959650105,181784.29454096864,-575164.4598689161,2020+
2022-04-01,711891.1905645793,200631.74110025942,-591219.3260384358,2020+
2022-05-01,748748.0765866169,204755.5334615571,-660305.6827943837,2020+
2022-06-01,756602.7328488039,170513.12371199514,-730257.0612931247,2020+
2022-07-01,821861.2914885869,102191.30259571891,-801662.4284414253,2020+
2022-08-01,809845.0223363979,14115.60144120252,-792407.6492403585,2020+
2022-09-01,746308.6861750152,-50317.96419344221,-732228.5876143766,2020+
2022-10-01,690623.0176898504,-85118.920012676,-763023.8924510271,2020+
2022-11-01,667613.0818619691,-77031.56381759718,-756443.8992375957,2020+
2022-12-01,694194.9004481805,-35556.76917906947,-794055.5089637891,2020+
2022-02-01,-1572323.7289399637,-411644.8856160646,-975759.9982619812,2020+
2022-03-01,-1867581.2959650105,-528353.2066992262,-1347111.1435371707,2020+
2022-04-01,711891.1905645793,-527399.3494063418,-1384713.7630819364,2020+
2022-05-01,748748.0765866169,-606183.3736036938,-1546523.1378888227,2020+
2022-06-01,756602.7328488039,-724495.3688186768,-1710358.5085264556,2020+
2022-07-01,821861.2914885869,-879382.4731100732,-1877599.313305384,2020+
2022-08-01,809845.0223363979,-956416.5299760861,-1855923.3981008683,2020+
2022-09-01,746308.6861750152,-948401.1661286867,-1714976.0842947636,2020+
2022-10-01,690623.0176898504,-1022886.3167158483,-1787102.7570068256,2020+
2022-11-01,667613.0818619691,-1008622.0435655549,-1771691.5449140298,2020+
2022-12-01,694194.9004481805,-1014868.4610246638,-1859782.9034538113,2020+
2023-01-01,-414679.8930613125,-897950.0547603167,-1764317.7602744035,2020+
2022-03-01,-1867581.2959650105,-695307.1807900991,-1342469.80832869,2020+
2022-04-01,711891.1905645793,-699278.923600381,-1379942.872484512,2020+
2022-05-01,748748.0765866169,-799911.8523402727,-1541194.7498375592,2020+
2022-06-01,756602.7328488039,-941822.4337035163,-1704465.6426589107,2020+
2022-07-01,821861.2914885869,-1121692.2207410082,-1871130.236868281,2020+
2022-08-01,809845.0223363979,-1199007.5270840237,-1849529.0039107394,2020+
2022-09-01,746308.6861750152,-1174111.106407732,-1709067.309349679,2020+
2022-10-01,690623.0176898504,-1257933.4407317888,-1780945.4772200226,2020+
2022-11-01,667613.0818619691,-1239806.6377906809,-1765587.363099275,2020+
2022-12-01,694194.9004481805,-1254398.3990253382,-1853375.2119357046,2020+
2023-01-01,-414679.8930613125,-1121862.151702279,-1758238.9838640715,2020+
2023-02-01,-382057.6689436213,-979040.3834914805,-1638810.662145374,2020+
2022-04-01,711891.1905645793,-336309.7660812508,-1376839.7427271158,2020+
2022-05-01,748748.0765866169,-394550.9373118462,-1539575.5024380174,2020+
2022-06-01,756602.7328488039,-493337.50888453954,-1704719.4179424613,2020+
2022-07-01,821861.2914885869,-629260.0903085057,-1873656.0033244167,2020+
2022-08-01,809845.0223363979,-712533.2449893527,-1854249.5141176055,2020+
2022-09-01,746308.6861750152,-725280.7864406385,-1715486.801640693,2020+
2022-10-01,690623.0176898504,-791368.484666431,-1789781.5366482604,2020+
2022-11-01,667613.0818619691,-778622.0731788062,-1776477.849037363,2020+
2022-12-01,694194.9004481805,-771686.541159888,-1867046.4411795763,2020+
2023-01-01,-414679.8930613125,-665027.3976461584,-1773335.3093231837,2020+
2023-02-01,-382057.6689436213,-553945.5260123742,-1654866.3427551512,2020+
2023-03-01,-446863.4379950663,-601066.5249260687,-1974788.3507577558,2020+
2022-05-01,748748.0765866169,283849.1560297499,593924.0593943747,2020+
2022-06-01,756602.7328488039,254092.5749419125,657631.8449087252,2020+
2022-07-01,821861.2914885869,193378.38510393543,722802.7341861376,2020+
2022-08-01,809845.0223363979,107772.81433666762,715316.2676431274,2020+
2022-09-01,746308.6861750152,42667.93006308893,661785.5928613202,2020+
2022-10-01,690623.0176898504,20347.44513242527,690446.3705684469,2020+
2022-11-01,667613.0818619691,35937.499981515124,685314.1904567402,2020+
2022-12-01,694194.9004481805,89768.8575103763,720252.955476357,2020+
2023-01-01,-414679.8930613125,153320.83121644123,684101.8885882418,2020+
2023-02-01,-382057.6689436213,205337.63371852477,638399.9594081917,2020+
2023-03-01,-446863.4379950663,295953.61833230994,761816.693829439,2020+
2023-04-01,1743553.3412865952,304217.0208417329,752756.754039169,2020+
2022-06-01,756602.7328488039,-325851.1193096102,654141.7274063843,2020+
2022-07-01,821861.2914885869,-439726.1056630693,718485.3289932804,2020+
2022-08-01,809845.0223363979,-515521.08443228866,710567.4686459043,2020+
2022-09-01,746308.6861750152,-532749.417028767,656951.9844371516,2020+
2022-10-01,690623.0176898504,-580957.5185373038,684944.4826555604,2020+
2022-11-01,667613.0818619691,-563900.7626205385,679397.9726609836,2020+
2022-12-01,694194.9004481805,-545171.8177099945,713557.0008903261,2020+
2023-01-01,-414679.8930613125,-454237.09656837175,677288.2070804404,2020+
2023-02-01,-382057.6689436213,-364895.665625809,631618.2598540576,2020+
2023-03-01,-446863.4379950663,-386261.1256422834,753219.2501249653,2020+
2023-04-01,1743553.3412865952,-368985.4618917984,743763.1956336797,2020+
2023-05-01,1834822.045030433,-420043.27413138276,785391.0933192621,2020+
2022-07-01,821861.2914885869,-618690.5437187641,715250.9196449575,2020+
2022-08-01,809845.0223363979,-696007.7009007517,706993.7165781305,2020+
2022-09-01,746308.6861750152,-702392.3699156536,653301.3779475506,2020+
2022-10-01,690623.0176898504,-759245.0407764019,680777.2463186891,2020+
2022-11-01,667613.0818619691,-740092.1633795823,674906.5134000445,2020+
2022-12-01,694194.9004481805,-727331.5821120684,708463.954009908,2020+
2023-01-01,-414679.8930613125,-622808.1342059993,672097.5504966906,2020+
2023-02-01,-382057.6689436213,-517432.66838276014,626445.3469045326,2020+
2023-03-01,-446863.4379950663,-563038.6436016137,746654.4156918204,2020+
2023-04-01,1743553.3412865952,-539952.2131791818,736889.9428230212,2020+
2023-05-01,1834822.045030433,-599003.5083744182,777720.6535710187,2020+
2023-06-01,1862053.613682972,-677355.9059597377,788596.2718048362,2020+
2022-08-01,809845.0223363979,-397489.45935720135,719139.6149531462,2020+
2022-09-01,746308.6861750152,-427786.01370343886,664524.8628220789,2020+
2022-10-01,690623.0176898504,-474444.04858639964,692472.7551724304,2020+
2022-11-01,667613.0818619691,-458705.01631971006,686501.1651965547,2020+
2022-12-01,694194.9004481805,-432195.22480317234,720635.1093083926,2020+
2023-01-01,-414679.8930613125,-342179.4750650839,683643.9459098015,2020+
2023-02-01,-382057.6689436213,-254535.6519888256,637207.4549677161,2020+
2023-03-01,-446863.4379950663,-247566.60938733502,759481.6685365874,2020+
2023-04-01,1743553.3412865952,-226439.81413719594,749549.4406182051,2020+
2023-05-01,1834822.045030433,-266277.1268014696,791081.6050821258,2020+
2023-06-01,1862053.613682972,-338958.5425097051,802144.0617393617,2020+
2023-07-01,561150.9769048007,-461985.6148216086,856614.3354037706,2020+
2022-09-01,746308.6861750152,-178922.3218302307,661657.1871167283,2020+
2022-10-01,690623.0176898504,-215206.13500991758,688882.5676251475,2020+
2022-11-01,667613.0818619691,-202107.02592175142,682345.7427475975,2020+
2022-12-01,694194.9004481805,-163495.78351115048,715647.7802964993,2020+
2023-01-01,-414679.8930613125,-87947.51957785251,678319.9444590476,2020+
2023-02-01,-382057.6689436213,-18049.02595787271,631693.1476553665,2020+
2023-03-01,-446863.4379950663,34144.49908313255,752251.9432178217,2020+
2023-04-01,1743553.3412865952,51997.228736738376,741766.1518821167,2020+
2023-05-01,1834822.045030433,28644.275624831946,782183.6215613224,2020+
2023-06-01,1862053.613682972,-38344.85796474932,792429.2694393242,2020+
2023-07-01,561150.9769048007,-139056.54704354666,845501.1012976025,2020+
2023-08-01,559327.6463430643,-236238.99379365644,835289.7902539414,2020+
2022-10-01,690623.0176898504,-118855.93172988342,687108.9289390624,2020+
2022-11-01,667613.0818619691,-107240.19087617646,680588.9340915616,2020+
2022-12-01,694194.9004481805,-64484.00045830639,713805.2297361757,2020+
2023-01-01,-414679.8930613125,5693.535197748833,676573.5012393168,2020+
2023-02-01,-382057.6689436213,69273.2198172555,630066.7530708525,2020+
2023-03-01,-446863.4379950663,138631.22343579444,750315.1490739081,2020+
2023-04-01,1743553.3412865952,155767.77888742482,739856.353026296,2020+
2023-05-01,1834822.045030433,138930.29162527976,780169.7601267773,2020+
2023-06-01,1862053.613682972,74134.44800577904,790389.028541697,2020+
2023-07-01,561150.9769048007,-18561.170271505864,843324.217523095,2020+
2023-08-01,559327.6463430643,-117131.8056350771,833139.1973787285,2020+
2023-09-01,512165.376752135,-178937.65275821346,769757.1853260153,2020+
2022-11-01,667613.0818619691,-98612.1028958061,608356.1684012848,2020+
2022-12-01,694194.9004481805,-56508.06787036411,637888.9640560931,2020+
2023-01-01,-414679.8930613125,11736.640707144641,604467.112603587,2020+
2023-02-01,-382057.6689436213,73395.92172502588,562777.319438166,2020+
2023-03-01,-446863.4379950663,142123.23996668973,670017.3817863875,2020+
2023-04-01,1743553.3412865952,158572.09130353402,660514.1006467642,2020+
2023-05-01,1834822.045030433,142216.48272527568,696331.6410386979,2020+
2023-06-01,1862053.613682972,78747.80982409908,705277.8599680173,2020+
2023-07-01,561150.9769048007,-11600.329697139869,752326.3105350947,2020+
2023-08-01,559327.6463430643,-108108.59775563034,743056.0526611496,2020+
2023-09-01,512165.376752135,-169025.69987136245,686357.0355563685,2020+
2023-10-01,663665.3591785287,-208297.50558559212,710205.8885370999,2020+
2022-12-01,694194.9004481805,123586.78505528465,635838.2338184917,2020+
2023-01-01,-414679.8930613125,181631.80331267318,601987.8312670534,2020+
2023-02-01,-382057.6689436213,230433.45169873408,559970.4463773906,2020+
2023-03-01,-446863.4379950663,327544.8946515519,666082.57819711,2020+
2023-04-01,1743553.3412865952,340072.50360405765,656050.9719952709,2020+
2023-05-01,1834822.045030433,332826.26701652113,691011.2287397535,2020+
2023-06-01,1862053.613682972,271929.0306146046,699266.4799782728,2020+
2023-07-01,561150.9769048007,195500.9392622171,745250.3607106507,2020+
2023-08-01,559327.6463430643,98061.89114164356,735412.4969000728,2020+
2023-09-01,512165.376752135,23013.1048996092,678692.4284002292,2020+
2023-10-01,663665.3591785287,-8351.949213899263,701650.2238163678,2020+
2023-11-01,628733.1556785027,3811.9956512721647,679250.3595547456,2020+
2023-01-01,-414679.8930613125,295933.16689335165,601121.5452130086,2020+
2023-02-01,-382057.6689436213,336658.41238297074,559164.6256552474,2020+
2023-03-01,-446863.4379950663,453805.8557761364,665124.0559919336,2020+
2023-04-01,1743553.3412865952,464390.6080707102,655106.8840438809,2020+
2023-05-01,1834822.045030433,463793.0399004039,690016.830232622,2020+
2023-06-01,1862053.613682972,404548.8537830568,698260.2014307709,2020+
2023-07-01,561150.9769048007,336982.08066847944,744177.908473999,2020+
2023-08-01,559327.6463430643,237824.71052107422,734354.202022501,2020+
2023-09-01,512165.376752135,152109.950116713,677715.7575464345,2020+
2023-10-01,663665.3591785287,125175.108050293,700640.515283405,2020+
2023-11-01,628733.1556785027,133071.32471367408,678272.8858702803,2020+
2023-12-01,663556.4851429686,190540.93320375454,706295.529144608,2020+
2023-02-01,-382057.6689436213,-386384.4030337917,-332545.5090117805,2020+
2023-03-01,-446863.4379950663,-404477.13297420397,-395561.5337069678,2020+
2023-04-01,1743553.3412865952,-378458.5421079177,-389604.13592350367,2020+
2023-05-01,1834822.045030433,-421209.9510273236,-410365.72352770495,2020+
2023-06-01,1862053.613682972,-488834.72130864754,-415268.20810176135,2020+
2023-07-01,561150.9769048007,-614053.303682991,-442576.3140235609,2020+
2023-08-01,559327.6463430643,-701058.8906118344,-436733.9750006774,2020+
2023-09-01,512165.376752135,-715977.8617304269,-403050.0491839929,2020+
2023-10-01,663665.3591785287,-774762.8181200939,-416683.824446387,2020+
2023-11-01,628733.1556785027,-740660.3269950505,-403381.3837381257,2020+
2023-12-01,663556.4851429686,-721308.4085846659,-420046.9654145132,2020+
2024-01-01,-543024.9941201565,-649198.4844697525,-421908.24748481356,2020+
2023-03-01,-446863.4379950663,27921.848976516252,-394992.30230497976,2020+
2023-04-01,1743553.3412865952,47915.36960437441,-389043.4778926306,2020+
2023-05-01,1834822.045030433,26945.604866614318,-409775.1891841641,2020+
2023-06-01,1862053.613682972,-37523.81685388644,-414670.6188307821,2020+
2023-07-01,561150.9769048007,-136144.6171738245,-441939.42752477375,2020+
2023-08-01,559327.6463430643,-232446.48784339198,-436105.4957443158,2020+
2023-09-01,512165.376752135,-285510.10591027094,-402470.04217186006,2020+
2023-10-01,663665.3591785287,-330501.4336408837,-416084.1982238285,2020+
2023-11-01,628733.1556785027,-309897.153363131,-402800.89984400675,2020+
2023-12-01,663556.4851429686,-270773.09324267064,-419442.4994410226,2020+
2024-01-01,-543024.9941201565,-193979.86009660747,-421301.1025382518,2020+
2024-02-01,-523926.470627902,-104150.51308227053,-388717.3808003249,2020+
2023-04-01,1743553.3412865952,420279.6080147597,-388483.62542507576,2020+
2023-05-01,1834822.045030433,419967.7393291703,-409185.50413981796,2020+
2023-06-01,1862053.613682972,361396.1849073337,-414073.8897335651,2020+
2023-07-01,561150.9769048007,290367.43983588106,-441303.45837354165,2020+
2023-08-01,559327.6463430643,189511.1663557901,-435477.9215410081,2020+
2023-09-01,512165.376752135,104401.83248600509,-401890.8694314306,2020+
2023-10-01,663665.3591785287,72483.12567748275,-415485.4347818629,2020+
2023-11-01,628733.1556785027,79544.05767474225,-402221.2508297186,2020+
2023-12-01,663556.4851429686,133669.29041509808,-418838.9032592161,2020+
2024-01-01,-543024.9941201565,211087.62850920993,-420694.83066313126,2020+
2024-02-01,-523926.470627902,268748.3777527384,-388157.9972376466,2020+
2024-03-01,-603822.5352519414,379900.42630368297,-454652.790760403,2020+
2023-05-01,1834822.045030433,1036986.8444543045,1630025.146587201,2020+
2023-06-01,1862053.613682972,982489.0867215318,1648046.7621663602,2020+
2023-07-01,561150.9769048007,949407.230407514,1754876.8092475722,2020+
2023-08-01,559327.6463430643,838202.3345679992,1730187.0845413848,2020+
2023-09-01,512165.376752135,702874.0056962871,1595337.908435105,2020+
2023-10-01,663665.3591785287,692208.3323704835,1647851.1102127975,2020+
2023-11-01,628733.1556785027,681124.7255580367,1593840.2802171276,2020+
2023-12-01,663556.4851429686,761797.1583438457,1658228.668864299,2020+
2024-01-01,-543024.9941201565,843002.3097915928,1664110.658625359,2020+
2024-02-01,-523926.470627902,851650.4985832934,1534055.9026513826,2020+
2024-03-01,-603822.5352519414,1061133.7122470525,1795271.4609272669,2020+
2024-04-01,1226533.538167697,1059527.028754576,1755301.4820269037,2020+
2023-06-01,1862053.613682972,857715.0619014433,1647124.7410518995,2020+
2023-07-01,561150.9769048007,821429.3094953418,1753895.0197694406,2020+
2023-08-01,559327.6463430643,719062.4943758328,1729219.1084030003,2020+
2023-09-01,512165.376752135,599746.9208565179,1594445.376592037,2020+
2023-10-01,663665.3591785287,590944.860299076,1646929.1984743588,2020+
2023-11-01,628733.1556785027,585196.5584992568,1592948.586500441,2020+
2023-12-01,663556.4851429686,660260.7902764854,1657300.9513764346,2020+
2024-01-01,-543024.9941201565,735913.4600220016,1663179.6514408332,2020+
2024-02-01,-523926.470627902,746174.2900918594,1533197.6571175132,2020+
2024-03-01,-603822.5352519414,929522.193661821,1794267.0723336162,2020+
2024-04-01,1226533.538167697,924653.2106798026,1754319.4553536966,2020+
2024-05-01,1282169.2218754,942454.6557511226,1847185.1575569184,2020+
2023-07-01,561150.9769048007,193188.53348990137,1752913.7780373495,2020+
2023-08-01,559327.6463430643,99570.05414400992,1728251.6716811352,2020+
2023-09-01,512165.376752135,28457.90816033856,1593553.3401317266,2020+
2023-10-01,663665.3591785287,802.2199304267654,1646007.7997596674,2020+
2023-11-01,628733.1556785027,14400.989794439769,1592057.3872225552,2020+
2023-12-01,663556.4851429686,66469.66043219854,1656373.7499287059,2020+
2024-01-01,-543024.9941201565,140129.11862996637,1662249.160192948,2020+
2024-02-01,-523926.470627902,197080.20640639347,1532339.885593202,2020+
2024-03-01,-603822.5352519414,287074.8038368003,1793263.2437833517,2020+
2024-04-01,1226533.538167697,296615.9295242459,1753337.9757929982,2020+
2024-05-01,1282169.2218754,281224.67214518605,1846151.7246079508,2020+
2024-06-01,1318424.239956903,211759.1888831092,1874600.2142237816,2020+
2023-08-01,559327.6463430643,-818201.9696426339,494781.77349335916,2020+
2023-09-01,512165.376752135,-817649.484884906,456218.9402023185,2020+
2023-10-01,663665.3591785287,-873025.1402493884,471236.14603507426,2020+
2023-11-01,628733.1556785027,-830699.3030880528,455790.6629851715,2020+
2023-12-01,663556.4851429686,-812747.3232838908,474203.8173571141,2020+
2024-01-01,-543024.9941201565,-742254.1479830896,475885.88989307417,2020+
2024-02-01,-523926.470627902,-616439.7999514391,438694.1177578646,2020+
2024-03-01,-603822.5352519414,-665114.8303516107,513393.9586109809,2020+
2024-04-01,1226533.538167697,-634507.9680378393,501963.73994673043,2020+
2024-05-01,1282169.2218754,-699282.4045606961,528535.4215910274,2020+
2024-06-01,1318424.239956903,-783878.0104762078,536679.9502356305,2020+
2024-07-01,724784.7512339309,-928588.9451543887,564932.0375060049,2020+
2023-09-01,512165.376752135,-668365.898001534,455963.70503666176,2020+
2023-10-01,663665.3591785287,-720694.4253595921,470972.5088291259,2020+
2023-11-01,628733.1556785027,-687415.0964093665,455535.6678311822,2020+
2023-12-01,663556.4851429686,-669166.8829540141,473938.5200536964,2020+
2024-01-01,-543024.9941201565,-603544.7645787535,475619.6525735275,2020+
2024-02-01,-523926.470627902,-492141.779583067,438448.68864213047,2020+
2024-03-01,-603822.5352519414,-521156.667497416,513106.73544893187,2020+
2024-04-01,1226533.538167697,-492287.65497973555,501682.9113768825,2020+
2024-05-01,1282169.2218754,-545381.8362524867,528239.7254943984,2020+
2024-06-01,1318424.239956903,-621947.4062985029,536379.6969560832,2020+
2024-07-01,724784.7512339309,-752333.4685138013,564615.9775597844,2020+
2024-08-01,699384.4941756901,-849685.2320772465,563096.4205492709,2020+
2023-10-01,663665.3591785287,-484282.219244175,470709.0171671929,2020+
2023-11-01,628733.1556785027,-460284.7762763281,455280.81282035855,2020+
2023-12-01,663556.4851429686,-434668.45429074985,473673.36911891954,2020+
2024-01-01,-543024.9941201565,-369779.59919606836,475353.5614087495,2020+
2024-02-01,-523926.470627902,-277494.6903125668,438203.39358444663,2020+
2024-03-01,-603822.5352519414,-270017.5618054834,512819.6711552984,2020+
2024-04-01,1226533.538167697,-245891.53227653544,501402.2381731353,2020+
2024-05-01,1282169.2218754,-284362.5794535444,527944.1941768186,2020+
2024-06-01,1318424.239956903,-355061.018991814,536079.6113022758,2020+
2024-07-01,724784.7512339309,-469751.003394428,564300.0944140557,2020+
2024-08-01,699384.4941756901,-566984.1022900145,562781.3876890208,2020+
2024-09-01,638620.754590379,-590152.8716561554,515616.3700308145,2020+
2023-11-01,628733.1556785027,14604.174838329607,565232.5374573158,2020+
2023-12-01,663556.4851429686,57948.37885234889,588066.9535103812,2020+
2024-01-01,-543024.9941201565,122919.02665862639,590152.9167501858,2020+
2024-02-01,-523926.470627902,175370.75565458406,544030.8679234806,2020+
2024-03-01,-603822.5352519414,259048.5517516476,636667.2090300272,2020+
2024-04-01,1226533.538167697,271351.48876000795,622492.4304655181,2020+
2024-05-01,1282169.2218754,261100.9850176462,655444.3523059203,2020+
2024-06-01,1318424.239956903,200313.11081732207,665544.4979600983,2020+
2024-07-01,724784.7512339309,116685.47013565661,700580.3155302753,2020+
2024-08-01,699384.4941756901,19428.220073440345,698694.8361035044,2020+
2024-09-01,638620.754590379,-52106.8676908148,640139.3196553991,2020+
2024-10-01,823062.827699944,-90269.54412934535,668137.165924558,2020+
2023-12-01,663556.4851429686,123866.89750828086,587737.9508465104,2020+
2024-01-01,-543024.9941201565,189154.14168950001,589822.7470084225,2020+
2024-02-01,-523926.470627902,236569.66097146904,543726.5015979224,2020+
2024-03-01,-603822.5352519414,330867.37690727896,636311.0163396553,2020+
2024-04-01,1226533.538167697,341752.1143729747,622144.1683359649,2020+
2024-05-01,1282169.2218754,335357.27898940205,655077.6548143092,2020+
2024-06-01,1318424.239956903,275751.5631201757,665172.1501227204,2020+
2024-07-01,724784.7512339309,196030.97819971736,700188.3665653648,2020+
2024-08-01,699384.4941756901,98414.05255335715,698303.9420004244,2020+
2024-09-01,638620.754590379,20090.335938318232,639781.1847629978,2020+
2024-10-01,823062.827699944,-15076.182524987995,667763.3672955018,2020+
2024-11-01,781364.0926139274,-6229.683857286673,632969.5878066779,2020+
2024-01-01,-543024.9941201565,285179.3249202173,589492.7662249326,2020+
2024-02-01,-523926.470627902,325078.8680896707,543422.3108297645,2020+
2024-03-01,-603822.5352519414,434451.19810225815,635955.0241946176,2020+
2024-04-01,1226533.538167697,443049.88996469445,621796.1016650258,2020+
2024-05-01,1282169.2218754,442051.84599767113,654711.1608158224,2020+
2024-06-01,1318424.239956903,384130.8624934302,664800.0073723028,2020+
2024-07-01,724784.7512339309,310154.1971597454,699796.6324606859,2020+
2024-08-01,699384.4941756901,212255.60121796007,697913.2628954169,2020+
2024-09-01,638620.754590379,124397.67238182973,639423.2504289761,2020+
2024-10-01,823062.827699944,93782.05805090994,667389.7765908851,2020+
2024-11-01,781364.0926139274,96933.0058473553,632615.46512597,2020+
2024-12-01,836881.0796861285,150945.11785935302,668027.5572998142,2020+
2024-02-01,-523926.470627902,85575.76351299674,-480192.16283325717,2020+
2024-03-01,-603822.5352519414,159016.16174106358,-561958.1939552927,2020+
2024-04-01,1226533.538167697,180913.92067007947,-549446.7391043813,2020+
2024-05-01,1282169.2218754,174092.70689586326,-578531.9538591091,2020+
2024-06-01,1318424.239956903,118519.06368052261,-587446.9089557836,2020+
2024-07-01,724784.7512339309,33734.707034472165,-618371.4869800395,2020+
2024-08-01,699384.4941756901,-64760.67535867643,-616707.257011214,2020+
2024-09-01,638620.754590379,-134454.61081692058,-565022.873577732,2020+
2024-10-01,823062.827699944,-184266.98769899405,-589735.3432481851,2020+
2024-11-01,781364.0926139274,-174583.13138991303,-559007.2105126325,2020+
2024-12-01,836881.0796861285,-142460.88607773287,-590298.9145278048,2020+
2025-01-01,-76105.61532865165,-66878.2787932394,-546683.9209161277,2020+
2024-03-01,-603822.5352519414,131615.2313767236,-561643.8009962055,2020+
2024-04-01,1226533.538167697,154559.25651573073,-549139.3458706274,2020+
2024-05-01,1282169.2218754,145752.8600174972,-578208.2920926607,2020+
2024-06-01,1318424.239956903,88213.41130988815,-587118.2602985413,2020+
2024-07-01,724784.7512339309,-349.7254854730695,-618025.5384959768,2020+
2024-08-01,699384.4941756901,-100945.89721407388,-616362.2388962681,2020+
2024-09-01,638620.754590379,-169115.47862024725,-564706.7670894056,2020+
2024-10-01,823062.827699944,-221098.7849543852,-589405.4130698042,2020+
2024-11-01,781364.0926139274,-209102.68603052924,-558694.4685446015,2020+
2024-12-01,836881.0796861285,-177563.1845001411,-589968.6685645162,2020+
2025-01-01,-76105.61532865165,-97629.84443518285,-546378.0718631456,2020+
2025-02-01,-70987.32206222211,-23209.914766187478,-527456.7109595567,2020+
2024-04-01,1226533.538167697,208722.2465220498,-548832.1192543025,2020+
2024-05-01,1282169.2218754,203988.37204174124,-577884.7997565744,2020+
2024-06-01,1318424.239956903,148343.24753698945,-586789.7825911397,2020+
2024-07-01,724784.7512339309,63496.50275958243,-617679.7681186349,2020+
2024-08-01,699384.4941756901,-37344.59777726738,-616017.3996435357,2020+
2024-09-01,638620.754590379,-111444.03065256255,-564390.8301695974,2020+
2024-10-01,823062.827699944,-161898.31414629548,-589075.6565987695,2020+
2024-11-01,781364.0926139274,-154004.86999451404,-558381.8960914805,2020+
2024-12-01,836881.0796861285,-120228.04267719478,-589638.5973776891,2020+
2025-01-01,-76105.61532865165,-44874.68379640079,-546072.3911449445,2020+
2025-02-01,-70987.32206222211,27919.33160533727,-527161.6167073116,2020+
2025-03-01,-86031.06260912625,98183.9499217112,-607891.1182026505,2020+
2024-05-01,1282169.2218754,692674.648653689,1204234.9054575872,2020+
2024-06-01,1318424.239956903,642231.1077365454,1222791.7024660842,2020+
2024-07-01,724784.7512339309,581102.4070881904,1287162.3142431306,2020+
2024-08-01,699384.4941756901,477346.14678022836,1283698.16117426,2020+
2024-09-01,638620.754590379,359757.1458534928,1176115.2744746206,2020+
2024-10-01,823062.827699944,330700.7988724591,1227555.1604193824,2020+
2024-11-01,781364.0926139274,314550.0712946657,1163593.4578010961,2020+
2024-12-01,836881.0796861285,376708.4555348648,1228728.254428414,2020+
2025-01-01,-76105.61532865165,417188.6788138428,1137942.0914148309,2020+
2025-02-01,-70987.32206222211,475116.52805680636,1098534.558124471,2020+
2025-03-01,-86031.06260912625,614054.2882015134,1266764.07380524,2020+
2025-04-01,1294220.109896697,626667.6517560682,1234797.9733165214,2020+
2024-06-01,1318424.239956903,585134.2597667113,1222107.6006168874,2020+
2024-07-01,724784.7512339309,525475.1832583633,1286442.200034866,2020+
2024-08-01,699384.4941756901,428312.97440341767,1282979.9846814629,2020+
2024-09-01,638620.754590379,320941.76157644007,1175457.2851050121,2020+
2024-10-01,823062.827699944,295038.1438618524,1226868.3929653114,2020+
2024-11-01,781364.0926139274,282637.13082354446,1162942.4736809086,2020+
2024-12-01,836881.0796861285,341583.61665818724,1228040.8307629484,2020+
2025-01-01,-76105.61532865165,380494.8291249954,1137305.4580993825,2020+
2025-02-01,-70987.32206222211,433978.07290342875,1097919.9716847625,2020+
2025-03-01,-86031.06260912625,559805.3673170054,1266055.3712767505,2020+
2025-04-01,1294220.109896697,568683.236467422,1234107.1544224871,2020+
2025-05-01,1340274.964658108,573551.773272167,1290808.536001195,2020+
2024-07-01,724784.7512339309,-207479.2560807745,1285953.790105663,2020+
2024-08-01,699384.4941756901,-303195.03437227046,1282723.6168149305,2020+
2024-09-01,638620.754590379,-349590.9012746998,1175433.829911798,2020+
2024-10-01,823062.827699944,-404888.3692370845,1227064.6305906537,2020+
2024-11-01,781364.0926139274,-380573.2790295316,1163337.737755754,2020+
2024-12-01,836881.0796861285,-358202.8803685974,1228679.2301995687,2020+
2025-01-01,-76105.61532865165,-266922.84639425913,1138101.399832759,2020+
2025-02-01,-70987.32206222211,-190381.14628454484,1098886.0097827276,2020+
2025-03-01,-86031.06260912625,-159621.4154540589,1267397.325275761,2020+
2025-04-01,1294220.109896697,-132379.8499910819,1235637.5029064284,2020+
2025-05-01,1340274.964658108,-159902.32026732995,1292641.7129303461,2020+
2025-06-01,1379430.9254451948,-230183.53987088441,1330176.1701673232,2020+
2024-08-01,699384.4941756901,-882630.7049868384,686719.281003239,2020+
2024-09-01,638620.754590379,-880533.9178252941,629280.591205546,2020+
2024-10-01,823062.827699944,-958957.8833472821,656921.6707080081,2020+
2024-11-01,781364.0926139274,-905554.9601689097,622804.8241644233,2020+
2024-12-01,836881.0796861285,-912274.5614684976,657786.0633578713,2020+
2025-01-01,-76105.61532865165,-779798.8540253848,609294.2915681523,2020+
2025-02-01,-70987.32206222211,-685336.8865227352,588299.9294171719,2020+
2025-03-01,-86031.06260912625,-730349.9555869068,678514.1934528433,2020+
2025-04-01,1294220.109896697,-688849.91942148,661511.24611307,2020+
2025-05-01,1340274.964658108,-742231.497273291,692029.034895987,2020+
2025-06-01,1379430.9254451948,-829686.6648008346,712123.4922996904,2020+
2025-07-01,1379430.9254451948,-948842.6779947052,731245.2051760945,2020+
